id,name,email,registration_date,country
1,Allison Hill,donaldgarcia@example.net,2025-06-27,Benin
2,Amanda Davis,williamjohnson@example.org,2024-12-16,Reunion
3,Connie Lawrence,blakeerik@example.com,2023-10-31,Cape Verde
4,Phillip Garcia,wdavis@example.net,2023-08-09,Aruba
5,Kimberly Dudley,smiller@example.net,2024-08-31,Tokelau
6,Corey Jones,kendragalloway@example.org,2025-05-30,Hong Kong
7,Mark Diaz,michael41@example.net,2024-09-18,Martinique
8,Carla Gray,gabriellecameron@example.org,2023-07-02,Antigua and Barbuda
9,Jennifer Jones,jason76@example.net,2024-03-09,Estonia
10,Patrick Ryan,zhurst@example.com,2023-06-21,Burundi
11,Ann Williams,hernandezernest@example.net,2024-01-29,Bahrain
12,Kyle Mcdonald,tasha01@example.net,2025-06-19,Sao Tome and Principe
13,Martin Rodriguez,amoore@example.net,2025-06-09,Estonia
14,Pamela Romero,harrellkenneth@example.net,2024-05-02,Congo
15,Phillip Ryan,georgetracy@example.org,2025-08-07,Turkey
16,Dr. Cynthia Allen,millertodd@example.org,2025-09-29,Martinique
17,Betty Alvarez,josephbrennan@example.com,2025-09-14,Vanuatu
18,Monica Harris,raymond57@example.net,2024-03-01,Egypt
19,George Chapman,briannasmith@example.net,2024-09-14,Denmark
20,Andre Rivera,joshuawashington@example.net,2023-03-18,Vietnam
21,Laura Sanchez,maguirre@example.org,2023-02-07,Jersey
22,Jason Shields,nuneztracey@example.org,2022-12-29,Saint Lucia
23,Scott Wright,amandataylor@example.org,2023-08-25,Egypt
24,Angela Morton,williamsyvette@example.org,2025-09-20,Vanuatu
25,Cynthia Russell,zlewis@example.org,2023-04-22,Afghanistan
26,Mrs. Rachel Gibson,uhorton@example.net,2024-10-18,Libyan Arab Jamahiriya
27,Edward Novak,adkinsbrian@example.net,2024-03-29,Uruguay
28,Brooke Yu,yorkcasey@example.org,2024-11-02,Dominica
29,Todd Hudson,harveyrobert@example.net,2024-07-04,Germany
30,Christina Moran,josephanderson@example.net,2023-09-17,Germany
31,Taylor Smith,jonesjason@example.com,2023-03-18,Guernsey
32,Sherry Wood,samueldaniels@example.com,2024-08-24,Sri Lanka
33,Aimee Montoya,sarah12@example.com,2023-02-27,Botswana
34,Brittney Campbell,jenniferharris@example.net,2025-05-15,Madagascar
35,Taylor Mathis Jr.,ccalderon@example.org,2023-10-24,Bulgaria
36,Deborah Figueroa,hhoffman@example.org,2025-08-24,Portugal
37,Kimberly Davenport,russellwilliams@example.com,2025-07-05,South Africa
38,Amanda Howard,elizabethgomez@example.net,2025-06-19,Ireland
39,Nicole Frost,michellecherry@example.org,2025-06-16,Anguilla
40,Tim Patton,vpham@example.org,2023-08-12,Solomon Islands
41,Janet Williams,dwalker@example.com,2023-09-23,South Africa
42,Courtney Keller,emurphy@example.com,2023-11-12,Malawi
43,William Herrera,wilsontara@example.org,2024-07-21,Estonia
44,Kyle Reed,samuel81@example.com,2025-07-05,Comoros
45,Michael Smith,michaeljones@example.net,2025-07-29,Nigeria
46,Ryan Cortez,william65@example.com,2024-11-26,Micronesia
47,Jason Bentley,christinaturner@example.net,2025-04-24,Gabon
48,Jeffrey Carpenter,steven73@example.net,2024-03-25,United Arab Emirates
49,Nancy Hopkins,zachary95@example.org,2025-04-07,Sao Tome and Principe
50,Eric Drake,andrewsanchez@example.com,2024-08-23,Seychelles
51,Jason Soto,jennifercruz@example.com,2023-07-18,Palau
52,Stephanie Dalton,osbornejeffery@example.net,2024-05-13,Australia
53,Sylvia Martinez,lauriecontreras@example.net,2024-08-06,Zambia
54,Jessica Briggs,jrivas@example.com,2025-07-03,Samoa
55,Joanna Walton,katie87@example.net,2023-07-13,Kazakhstan
56,Dustin Nelson,patricia12@example.org,2023-07-04,Puerto Rico
57,Daniel Perry,amy60@example.org,2025-04-23,Iceland
58,Lauren Dominguez,wwoods@example.com,2025-01-26,Timor-Leste
59,Sara Medina,tracynelson@example.com,2022-11-24,Guadeloupe
60,Rebecca Ramsey,ncalhoun@example.net,2022-11-22,India
61,Mary Miller,dtaylor@example.org,2022-12-18,Hong Kong
62,Jesse Rogers,aramirez@example.com,2025-04-26,Latvia
63,Joshua Cooke,jeffrey10@example.org,2025-08-29,Cook Islands
64,Lisa Allen,kcaldwell@example.org,2024-03-16,Equatorial Guinea
65,Carol Lawson,stricklandfrank@example.com,2023-02-19,Anguilla
66,Laura Odonnell,tsanders@example.org,2023-01-15,Portugal
67,Dana Terry,melissa91@example.net,2025-02-27,Guatemala
68,Mary Jones,alexander67@example.org,2024-02-11,Guyana
69,Sandra Zimmerman,hthompson@example.net,2023-08-16,Sri Lanka
70,Patricia Marshall,marcus31@example.com,2025-06-16,Ecuador
71,Laura Barnett,anthony52@example.com,2023-06-13,South Georgia and the South Sandwich Islands
72,Douglas Carlson,angela83@example.org,2023-07-15,Ireland
73,Peter Vaughn DDS,bwest@example.org,2023-09-11,Iraq
74,Elizabeth Perkins,wtran@example.com,2025-10-20,Mexico
75,Michael Nelson,jerry35@example.org,2025-01-15,Zambia
76,Cathy Robinson,lhill@example.net,2024-08-08,Bolivia
77,Elizabeth Ward,alexis82@example.com,2022-12-12,Austria
78,Melissa Martinez,agarcia@example.net,2023-08-31,Lesotho
79,Cody Williams,ewilson@example.com,2024-04-14,Morocco
80,Amy Hernandez,christopher31@example.net,2025-02-07,New Caledonia
81,Lisa Rowe,chayes@example.com,2025-05-23,Japan
82,Marc Lynch,mezajared@example.org,2023-08-10,Belgium
83,Christopher Jones,ortizhannah@example.com,2023-09-08,Djibouti
84,Douglas Heath,mcdanielsandra@example.net,2024-07-31,Spain
85,Jessica Stephens,rebekahserrano@example.org,2022-12-28,Somalia
86,Paul Carroll,scott74@example.net,2024-01-08,Faroe Islands
87,Katherine Miller,prestonjessica@example.net,2023-07-25,Bermuda
88,Michael Valencia,keyemily@example.com,2024-07-16,Serbia
89,Julie Pearson,howard96@example.net,2025-04-03,Bermuda
90,Jason Morris,hodgemark@example.net,2024-04-19,Panama
91,Robin Pierce,qmiller@example.com,2023-02-28,Sierra Leone
92,Jose Travis,mgutierrez@example.net,2023-11-24,Saudi Arabia
93,Mr. Anthony Adams Jr.,samuel71@example.org,2025-09-24,New Caledonia
94,Michelle Collins,tranchristopher@example.org,2024-03-12,British Indian Ocean Territory (Chagos Archipelago)
95,Brittany Cantu,william46@example.com,2025-10-02,Ecuador
96,Charles Lee,michellehill@example.com,2023-10-31,Solomon Islands
97,Samantha Campbell,mary97@example.org,2024-02-25,Liberia
98,Juan Daniels,mcantu@example.net,2023-07-12,Hungary
99,Reginald Williams,zthornton@example.com,2023-12-21,Panama
100,Marissa Hernandez,martineztammy@example.com,2025-06-03,Tunisia
101,Ariana Lozano,bowenrobert@example.net,2025-09-21,Belarus
102,Wayne Morgan,vsantos@example.net,2025-05-22,Hong Kong
103,Lori Clay,cbrennan@example.net,2023-01-06,Norfolk Island
104,Donna Perez,hamiltoncorey@example.net,2024-12-03,Bolivia
105,Michael Berger,nguyenbrian@example.com,2023-12-08,Cameroon
106,Jason Maldonado,georgemiller@example.com,2024-09-02,Dominican Republic
107,Mr. David Little MD,nolansteven@example.com,2024-11-04,Cayman Islands
108,Tony Huerta,danielle64@example.com,2025-05-07,Congo
109,Dr. Ashley James MD,victoria40@example.net,2023-12-31,Algeria
110,Melissa Garner,lozanojulie@example.com,2025-02-20,Denmark
111,Heather Fields,erica21@example.net,2024-10-01,Georgia
112,Amanda Diaz,christopherphillips@example.net,2024-01-22,Cook Islands
113,Joshua Mata,maria47@example.com,2025-01-19,Guadeloupe
114,Julie Jones,michelleramsey@example.com,2025-09-18,Spain
115,Ann Foster,amanda75@example.net,2025-01-21,Estonia
116,Samantha Bentley,leonardthomas@example.net,2025-06-19,Monaco
117,Leonard Holland,tblankenship@example.net,2024-01-14,Burundi
118,Andrew Ferrell,davispaige@example.org,2023-12-23,Heard Island and McDonald Islands
119,Natalie Bautista,umatthews@example.org,2025-06-20,Palau
120,John Russell,antonio53@example.com,2024-02-23,Dominica
121,Ariana Jennings,bruce43@example.org,2025-08-29,Swaziland
122,Matthew May,williamsmatthew@example.org,2025-03-04,Costa Rica
123,Phillip Clark,lisahall@example.org,2025-03-06,Nepal
124,Scott Thomas,amberlindsey@example.org,2024-10-17,Anguilla
125,Hunter Kramer,alfred40@example.org,2025-01-13,Malta
126,Arthur West,william17@example.net,2023-06-23,Nicaragua
127,Richard Camacho,stephen00@example.com,2025-05-09,Japan
128,Katherine Browning,lammarc@example.org,2023-01-03,Falkland Islands (Malvinas)
129,Lauren Joseph,hvang@example.com,2024-03-04,Netherlands
130,Ricky Wilson,russellbeasley@example.com,2023-10-30,Korea
131,Nicholas Edwards,elizabeth52@example.net,2025-07-31,Bangladesh
132,Bradley Reynolds,lisa80@example.net,2025-09-06,Monaco
133,Bryan Gomez,uparrish@example.org,2025-09-19,Netherlands Antilles
134,Brian Romero,dianewalker@example.org,2023-11-11,Moldova
135,Phillip Andrews,xbruce@example.net,2024-08-26,Norway
136,Lisa Barrett,anthony44@example.com,2023-11-12,Cocos (Keeling) Islands
137,Kylie Morales,joycebonilla@example.org,2025-01-18,Cuba
138,Jesse Moore,jennifer99@example.org,2025-06-18,Cape Verde
139,Luke Craig,scott67@example.net,2024-02-20,Faroe Islands
140,Jose Reed,campbellerika@example.com,2024-05-23,Gambia
141,James Greene,harrissierra@example.org,2025-02-07,French Guiana
142,Adam Burgess,davidpatel@example.org,2024-04-24,Syrian Arab Republic
143,Heather Sanders,grahamsteve@example.org,2025-05-25,Morocco
144,Jared Bowman,darius05@example.org,2025-03-20,Niger
145,Michael Cox,prichard@example.com,2024-07-30,Malta
146,Seth Reese,masonjackson@example.net,2024-09-17,Marshall Islands
147,Susan Bailey,joelthomas@example.org,2023-05-02,Cape Verde
148,Mary Thompson,kmarshall@example.net,2024-02-28,Uzbekistan
149,Maria Downs,michelle52@example.com,2023-01-06,Kenya
150,Rebecca Vargas,william47@example.com,2022-12-04,Heard Island and McDonald Islands
151,Angela Lin,gilbertwilliam@example.com,2024-07-21,Zimbabwe
152,Stephanie Cole,marcalvarez@example.org,2025-09-07,Korea
153,Steven Cooper,wagnergerald@example.org,2024-12-07,Kazakhstan
154,Lisa Cox,paul59@example.org,2025-03-06,Oman
155,Gary Grant,umitchell@example.net,2025-09-14,Netherlands
156,Felicia Aguilar,sabrinacollins@example.net,2024-11-27,India
157,Michael Miller,vschneider@example.org,2024-10-27,Switzerland
158,Yolanda Gaines,lucasrodney@example.com,2022-11-12,Georgia
159,Daniel Meza,ilee@example.org,2023-01-16,Tanzania
160,Katie Fernandez,stanleynancy@example.net,2023-03-16,Honduras
161,Christopher Schwartz,jenniferwilliams@example.com,2024-11-03,Dominica
162,Lisa Goodwin,pyoung@example.com,2025-09-16,Slovenia
163,Russell Richardson,smurray@example.com,2024-04-27,Italy
164,Ruth Solis,moniquewilliams@example.com,2025-06-08,Micronesia
165,Michelle Black,mitchellkathryn@example.com,2024-02-28,Malaysia
166,Jeffrey Potts,lisawilkerson@example.org,2024-01-21,Indonesia
167,Cynthia Vang,jeffrey51@example.net,2024-10-05,Somalia
168,Andrew Lowery,ihorton@example.net,2024-03-21,Nicaragua
169,Bobby Scott,anaacosta@example.net,2024-01-30,Singapore
170,Eric Williams,nfowler@example.com,2022-12-31,Taiwan
171,Linda Smith,jennifercarter@example.org,2024-08-27,Dominican Republic
172,Chelsea Barnett,carlos88@example.net,2025-03-03,Madagascar
173,Jeanette Harrison,qzavala@example.net,2022-11-10,Solomon Islands
174,David Sandoval,ingramjill@example.com,2023-03-19,Guinea
175,Robin Thompson,epollard@example.net,2023-05-11,Burkina Faso
176,Ricardo Ellis,james30@example.com,2025-08-11,Malaysia
177,Robert Kennedy,mullinsjames@example.com,2025-05-25,Australia
178,Evelyn Martinez,samuel67@example.com,2023-10-30,Colombia
179,Jonathan Glass MD,acostachristian@example.net,2025-10-18,Cocos (Keeling) Islands
180,Erica Miller,kirk96@example.org,2024-11-17,Guernsey
181,Nicholas Buck,yhill@example.org,2023-01-14,Northern Mariana Islands
182,Jose Brady,stephaniethomas@example.net,2024-11-05,Kazakhstan
183,Austin Osborne,michael90@example.net,2023-04-10,Korea
184,Jacqueline Hines,alyssasanders@example.net,2023-08-25,Brazil
185,Cody Holmes,greenjorge@example.com,2023-06-16,New Zealand
186,Thomas Henry,taylorcharles@example.org,2025-07-04,Kenya
187,Rita Ponce DVM,jenna88@example.com,2025-06-26,Thailand
188,Michael Graves,laurahicks@example.org,2025-10-07,Somalia
189,Richard Johnson,tanner82@example.net,2025-06-19,Bahrain
190,Zachary Higgins,khammond@example.org,2023-03-10,Ghana
191,Joanna Frazier,david89@example.org,2025-02-11,Bulgaria
192,Thomas Brown,holmeskevin@example.org,2023-10-12,Russian Federation
193,Travis Stone,meghan43@example.net,2025-09-06,Falkland Islands (Malvinas)
194,Eric Ferguson,brittanycarpenter@example.org,2024-10-14,Saint Helena
195,Gail Bradshaw,bryananthony@example.org,2025-08-28,Sierra Leone
196,Marilyn Wang,bmontgomery@example.com,2025-06-24,Mayotte
197,Tyler Webb,eevans@example.net,2022-12-28,Kazakhstan
198,John Peterson,larryhiggins@example.net,2025-10-10,Guatemala
199,Bianca Wood,floressteven@example.com,2024-02-28,Cambodia
200,Dylan Cruz,kwright@example.com,2025-08-12,Saint Helena
201,Phillip Jimenez,tjimenez@example.com,2022-11-18,Western Sahara
202,Jim Allen,brandon47@example.net,2025-06-17,Palau
203,Donna Smith,jordannicole@example.net,2023-11-28,Iraq
204,James Hudson,michaelroberts@example.com,2024-04-28,Serbia
205,Samantha Hanson,andersoncolin@example.com,2025-03-13,Guadeloupe
206,Holly Thomas,cporter@example.org,2023-03-23,Grenada
207,Kelly Hernandez,markaustin@example.org,2023-12-28,Nicaragua
208,Elizabeth Rogers,terickson@example.com,2025-04-05,Heard Island and McDonald Islands
209,Brian Butler,laura09@example.com,2023-08-11,Palau
210,Paula Lane,silvageorge@example.net,2024-12-22,Singapore
211,Brittany Becker,armstrongjackie@example.org,2022-11-13,Germany
212,Jason Harris,vsalas@example.net,2022-12-31,Burundi
213,Kristina Bolton,ufox@example.org,2024-03-10,Martinique
214,Hector Ingram,chelsea33@example.com,2024-06-26,Czech Republic
215,Vickie Wise,hannahburns@example.com,2023-11-10,Vietnam
216,Mikayla Roberts,zhuang@example.com,2025-09-04,Spain
217,Andrew Moses,reedscott@example.com,2025-01-20,Croatia
218,Joshua Fitzpatrick,derrick99@example.org,2023-07-16,Paraguay
219,Courtney Hall,gutierrezjennifer@example.org,2024-11-08,Burundi
220,Joshua Hickman,edelgado@example.com,2024-10-05,Saudi Arabia
221,Erica Brewer,pearsonjesse@example.net,2024-12-24,Vietnam
222,Thomas Butler,sarahjohnson@example.com,2025-03-05,Colombia
223,Tonya Howe,smithashley@example.org,2025-08-06,Grenada
224,William Daniels,ismall@example.net,2024-03-19,Congo
225,Erin Simon,jennifer05@example.com,2024-07-07,Saudi Arabia
226,Levi Fowler,gwilcox@example.com,2023-01-27,Paraguay
227,William Woods,adamreyes@example.com,2025-01-27,Zimbabwe
228,Kevin Berry,desiree30@example.net,2023-03-02,Gambia
229,Michael Leblanc,hannah45@example.net,2023-06-23,Burkina Faso
230,Jesse Zhang,robert87@example.net,2025-03-20,Sweden
231,David Fischer,foxallison@example.com,2023-01-17,Mongolia
232,Ronald Leach,ashleyhernandez@example.com,2025-05-17,Kenya
233,Daniel Aguilar,nolansean@example.org,2024-03-03,Malaysia
234,Justin Hansen,jennifer64@example.org,2025-01-18,Mozambique
235,Jeff Graves,michaelcesar@example.com,2022-11-27,Ireland
236,Chad May,ybrooks@example.com,2025-06-03,United States of America
237,Bobby Brandt,desireebailey@example.org,2025-10-16,India
238,Monica Walker,avilatiffany@example.com,2024-10-31,Mayotte
239,James Hall,rreed@example.org,2025-08-16,Saint Kitts and Nevis
240,Amanda Keller,allencarlos@example.net,2022-11-29,Netherlands Antilles
241,Shelby Sanchez,moralesjimmy@example.org,2025-01-27,Singapore
242,Jonathan Roberts,barbara53@example.com,2025-06-10,Panama
243,Jennifer Hill,conniesimmons@example.com,2022-12-14,Guatemala
244,Megan Floyd,heather62@example.com,2023-12-10,Saudi Arabia
245,Daisy Perez,lindamelendez@example.net,2024-01-19,Israel
246,Brandi Sanchez,markmiller@example.com,2025-05-09,Bermuda
247,Sandra Williams,mnunez@example.org,2025-06-07,Comoros
248,Laurie Powers,timothybooth@example.com,2023-09-21,United States of America
249,Timothy Hayden,burgesskaren@example.org,2024-11-24,Romania
250,Thomas Arnold,oscar85@example.com,2023-08-06,Malaysia
251,Julie Lang,ugill@example.org,2023-12-04,Isle of Man
252,Sean Figueroa,greensarah@example.net,2024-12-21,French Polynesia
253,Gary James,victorpena@example.net,2023-10-28,Serbia
254,Tracy May,umurray@example.com,2023-04-27,Saint Helena
255,Catherine Preston,warrenmary@example.org,2025-08-24,Paraguay
256,Aaron Taylor,carloshernandez@example.org,2024-04-30,Holy See (Vatican City State)
257,Mark Peck,bhopkins@example.org,2024-05-29,Isle of Man
258,Joseph Hill,andre62@example.org,2025-07-26,Malta
259,Corey Fox,joseph61@example.com,2025-09-09,Kuwait
260,Wanda Perez,valdezmichele@example.org,2023-02-03,Hong Kong
261,John Walsh,christopherbruce@example.net,2025-03-01,Mongolia
262,Valerie Jacobson,hallrachel@example.net,2025-06-22,Lebanon
263,Thomas Cohen,rachel90@example.org,2025-08-06,Germany
264,Daniel Thomas,thickman@example.org,2024-07-03,Montenegro
265,Jasmine Mosley,patrick21@example.net,2025-01-18,Guatemala
266,Jeffrey Roberson,cassie99@example.com,2025-09-19,Greece
267,Donald Riddle,jperez@example.com,2024-02-09,Pitcairn Islands
268,Jamie Barton,lauren11@example.com,2023-04-11,Rwanda
269,Brittany Price,daniel04@example.com,2023-11-22,Faroe Islands
270,Brandon Jordan,fgarcia@example.com,2024-06-22,Nepal
271,Erika Cruz,robert18@example.org,2024-07-11,Chile
272,Caroline Adams,trevor12@example.com,2023-08-22,French Southern Territories
273,Mr. David Wright,mwheeler@example.com,2023-02-18,Gabon
274,James Skinner,vbrock@example.com,2023-10-25,Suriname
275,Marilyn Wheeler,malik37@example.com,2023-05-06,Indonesia
276,Doris Neal,yfaulkner@example.org,2023-10-16,Fiji
277,Jenna Wilson,brittanygardner@example.net,2025-02-11,Anguilla
278,Julia Erickson,ssalinas@example.org,2025-04-08,South Africa
279,Megan Taylor,john26@example.com,2023-01-13,Netherlands Antilles
280,James Hunter,ystephens@example.com,2024-11-30,Sudan
281,Margaret Miller,dianekelly@example.net,2024-08-25,Mongolia
282,Miss Jennifer Goodwin,grodriguez@example.com,2023-06-24,San Marino
283,Lauren Johnston,dbrooks@example.net,2024-07-30,Macao
284,Zachary Webb,robert11@example.net,2023-03-28,Georgia
285,Richard Boyd,thomas77@example.com,2023-01-05,Aruba
286,Ashley Sweeney,byrdfrank@example.net,2023-07-18,China
287,Erin Simmons,zhall@example.net,2023-05-14,Northern Mariana Islands
288,Jennifer Mclaughlin,shannonjordan@example.org,2024-12-04,Costa Rica
289,Michael Flynn,lloydamanda@example.com,2023-10-16,Kuwait
290,Michael Burns,candice96@example.net,2023-02-26,Guinea
291,Lisa Cervantes,samantha91@example.net,2023-03-19,British Indian Ocean Territory (Chagos Archipelago)
292,Bruce Brooks,williambarnes@example.org,2024-07-14,Jamaica
293,Mark Steele,angelaburns@example.org,2023-05-17,Tajikistan
294,Anthony Howard,washingtonjames@example.com,2025-09-14,Madagascar
295,Jennifer Vasquez,fburns@example.net,2022-11-26,Senegal
296,Andrew Walker,gary79@example.net,2025-02-16,Lithuania
297,Ashley Wilson,amber07@example.net,2023-06-20,Jamaica
298,Ronald Potter,nancy07@example.com,2023-11-10,Svalbard & Jan Mayen Islands
299,Sean Wilson,jasonrojas@example.net,2023-11-12,Russian Federation
300,Jessica Jensen,lisatrujillo@example.net,2023-11-12,Fiji
301,Caroline Werner,keith48@example.net,2025-04-04,Burkina Faso
302,Rachel Sellers,michelle22@example.org,2023-04-02,Gibraltar
303,Pam Lowe,othomas@example.com,2024-09-11,Honduras
304,Mark Beard,powellkara@example.net,2025-08-15,Heard Island and McDonald Islands
305,John Perkins,simonstephen@example.net,2024-11-26,Thailand
306,Joseph Robinson,fsummers@example.com,2023-10-12,Finland
307,Kenneth Knight,rkramer@example.org,2022-12-13,Niue
308,Julia Martinez,scottsmith@example.com,2023-06-02,Portugal
309,Sonia Turner,clarence54@example.org,2023-12-05,United Kingdom
310,Amber Garrett,rubendavis@example.org,2022-10-25,Lesotho
311,Kevin Stone,ssmith@example.com,2025-04-06,Tokelau
312,Carlos Jones,zdavis@example.org,2023-02-14,Heard Island and McDonald Islands
313,Breanna Ayala,darlenebyrd@example.org,2024-05-27,Algeria
314,Carly Bell,courtneyhernandez@example.com,2024-08-29,Kenya
315,Angelica Garcia,lawrencepatrick@example.com,2023-10-03,Burundi
316,Matthew Wright,kimberly04@example.org,2024-05-13,Malawi
317,James Lucas,troyrodriguez@example.com,2024-09-22,Barbados
318,Vanessa Hatfield,david96@example.com,2024-06-13,China
319,Tiffany Townsend,matthewsalexander@example.org,2022-12-06,Bahamas
320,Jennifer Mitchell,zhenderson@example.org,2024-09-25,Mauritania
321,Diamond Collins,terrimoore@example.com,2023-12-26,North Macedonia
322,Marie Day,holly30@example.org,2023-01-26,Jordan
323,Logan Brown,davidzimmerman@example.net,2022-11-05,Luxembourg
324,Kelly Logan,gary24@example.net,2025-06-21,Sierra Leone
325,Frances Patterson,bakertheresa@example.net,2023-01-16,Korea
326,Amy Villarreal,michaelscott@example.org,2025-06-30,Peru
327,Crystal Hicks,trevinoalexander@example.org,2024-03-24,Hungary
328,Cassidy Horne,tranrobin@example.net,2024-10-11,Czech Republic
329,Jason Cortez,margaret95@example.org,2024-04-26,United Arab Emirates
330,Daniel Black,finleycasey@example.com,2025-05-30,Singapore
331,Erin Tran,woodkelly@example.com,2025-01-11,Ecuador
332,Kevin Snyder,jessicapayne@example.org,2023-04-07,Venezuela
333,David Reed,tapiaaaron@example.net,2023-12-10,Saint Pierre and Miquelon
334,Ashley Moreno,robertwoodward@example.org,2024-12-11,Bermuda
335,David Bruce,xhaynes@example.com,2025-09-26,Belize
336,Kathy Walsh,kjones@example.org,2024-02-12,Bulgaria
337,Dean Edwards,vhaynes@example.com,2023-10-07,Faroe Islands
338,Tony Taylor,moorefrank@example.com,2023-10-03,British Indian Ocean Territory (Chagos Archipelago)
339,Traci Clark,steven11@example.org,2025-03-27,Gabon
340,Melissa Williams,eddie35@example.com,2024-05-08,Philippines
341,Robert Thompson,jbond@example.net,2024-06-17,Bhutan
342,Robert Taylor,brownkimberly@example.org,2023-03-16,Swaziland
343,Michael Pace,aguilarjonathan@example.org,2022-11-16,Bahrain
344,Matthew Lamb,steinmaria@example.com,2023-03-07,Western Sahara
345,Christopher Berry,ycrawford@example.net,2024-02-03,Guinea
346,Cody Ramirez,austinharvey@example.org,2024-10-02,Luxembourg
347,Juan Brown,patrick63@example.net,2025-06-19,Malta
348,Zachary Stephens,mayokimberly@example.com,2024-04-01,Slovenia
349,Dr. Jonathan Price,anthonyharper@example.org,2025-07-01,Slovakia (Slovak Republic)
350,Robert Ruiz,katie32@example.org,2023-07-22,Dominican Republic
351,Robert Stark,gallagherstacie@example.net,2025-05-08,South Georgia and the South Sandwich Islands
352,Timothy Frey,gregorywatkins@example.net,2024-11-26,United States Minor Outlying Islands
353,Michele Bell,annalopez@example.com,2024-06-09,China
354,Brandon Hall II,nsmith@example.org,2025-03-25,Guam
355,Tamara Richard,brian29@example.net,2025-07-25,Singapore
356,Joseph Diaz,brookssheri@example.com,2024-07-27,Guadeloupe
357,Chad Moore,fconner@example.net,2023-10-06,Russian Federation
358,Melissa Mcfarland,jeffrey92@example.com,2023-09-25,Portugal
359,Christopher Smith,xrosales@example.net,2022-11-28,Netherlands
360,Robert Carr,zunigadonald@example.net,2023-01-17,Guatemala
361,Mrs. Stacey Davis,sean43@example.org,2024-11-21,Guernsey
362,Brian Smith,akim@example.org,2025-06-19,Lithuania
363,Heather Bennett,kkramer@example.net,2025-02-01,Czech Republic
364,Benjamin Singleton,andrew41@example.org,2023-11-02,Tuvalu
365,Nicholas Payne,morgantricia@example.com,2024-12-04,Jersey
366,Carmen Preston,brianrivera@example.org,2024-01-15,Micronesia
367,Monica Baker,kenneth10@example.com,2024-07-11,Tajikistan
368,Anthony Smith Jr.,bgonzalez@example.org,2023-04-29,French Guiana
369,Kara Wilson,qruiz@example.com,2023-01-31,Mayotte
370,Jacob James,seanbaker@example.com,2023-08-08,Taiwan
371,Antonio Goodwin,millermaurice@example.net,2024-01-20,Saudi Arabia
372,Kristen Randall,rsheppard@example.com,2024-07-12,Dominica
373,Blake Orr,shawrachel@example.net,2024-11-04,Niger
374,Travis Cole,teresastokes@example.org,2022-12-09,Belgium
375,Jessica Osborn DDS,luis11@example.com,2024-06-24,Micronesia
376,Donald Ellis,buchanancindy@example.net,2025-02-26,Bouvet Island (Bouvetoya)
377,Charles Matthews,buckleyanna@example.org,2025-03-03,Trinidad and Tobago
378,Hailey Jenkins,kpena@example.net,2024-03-25,China
379,Charles Franklin,vwilliams@example.net,2023-07-11,Samoa
380,Derrick Watson,lisa44@example.com,2025-05-04,Togo
381,Annette Melton,kevinmanning@example.com,2023-08-15,Israel
382,Ann Alexander,wfigueroa@example.net,2025-05-31,Swaziland
383,Rick Jones,htaylor@example.net,2022-11-24,Congo
384,Christina Brown,bryantsamantha@example.net,2023-05-30,Heard Island and McDonald Islands
385,Kathy Reid,maldonadojohn@example.com,2024-08-05,Christmas Island
386,Karen Arnold,frank41@example.com,2022-11-23,Australia
387,Kenneth Hanna,deborahbyrd@example.com,2024-10-07,Malaysia
388,Richard Saunders,wellsdavid@example.org,2024-08-12,Algeria
389,Lee Hahn,rodney65@example.com,2023-07-27,Lao People's Democratic Republic
390,Joseph Hanson,smithyvonne@example.com,2024-06-30,Nepal
391,Elizabeth Rodriguez,rogersjoshua@example.com,2025-05-25,Eritrea
392,Tiffany Curtis,edwardcannon@example.org,2025-03-24,Spain
393,Jennifer Flores,jenniferrios@example.com,2023-08-04,Italy
394,Norman Aguilar,matthewreeves@example.net,2024-05-31,Slovenia
395,Todd Howard,megan82@example.com,2023-02-07,Brunei Darussalam
396,Molly Hansen,staceylam@example.net,2023-01-29,Guinea
397,Seth Fisher,nathan94@example.com,2025-05-13,Latvia
398,Mark Carpenter,kennedyjames@example.org,2025-05-31,Hong Kong
399,Jennifer Pitts,derrickgonzalez@example.com,2025-10-09,Uganda
400,Judith Stewart,kimberlyfreeman@example.net,2025-10-09,Germany
401,Abigail Hill,barbaramoore@example.org,2023-03-14,Jordan
402,Jennifer Sanford,ismith@example.org,2025-01-01,Zambia
403,Frank Whitaker,andrewsmith@example.net,2023-07-23,Puerto Rico
404,Emily Garcia,gary04@example.com,2024-03-06,Mali
405,Gail Barron,matthewvalenzuela@example.com,2025-01-23,Chad
406,Tamara Powell,jeffreymercer@example.org,2025-01-05,Namibia
407,Barbara Dawson,brooksdanielle@example.net,2024-09-05,Nepal
408,Mary Valdez MD,butleromar@example.net,2023-07-28,Reunion
409,Michael Mccoy,robert18@example.com,2024-09-05,Reunion
410,Ronald Garcia,campbellkristen@example.com,2023-05-29,Cook Islands
411,Sandra Dudley,jade42@example.org,2024-06-15,United States Minor Outlying Islands
412,Timothy Rivera,smithchristopher@example.org,2025-04-26,Paraguay
413,Travis Chan Jr.,conwaydawn@example.com,2025-10-11,French Polynesia
414,Anthony Li,phelpsmichael@example.net,2023-10-01,Saint Vincent and the Grenadines
415,Samuel Zamora,christianelizabeth@example.org,2023-10-19,Uganda
416,Marco Johns,watsonmatthew@example.org,2024-01-06,Korea
417,James Jefferson,zbanks@example.org,2023-02-24,Qatar
418,Vicki Richard,perrybrittany@example.net,2024-11-05,Cocos (Keeling) Islands
419,Peggy Carr,timothyfreeman@example.com,2024-02-18,Bahrain
420,Ernest Bush,tiffanysantiago@example.com,2024-05-14,Portugal
421,Anna Stanley,timothyalvarado@example.net,2023-12-19,Taiwan
422,Stephanie Salazar,schneidereric@example.com,2025-05-14,Trinidad and Tobago
423,Paul Flores,tara08@example.org,2024-06-18,Honduras
424,David Stevens,fmiller@example.com,2023-10-05,Luxembourg
425,Alicia Powell,hawkinsaaron@example.org,2025-03-09,Niger
426,Stefanie Hart,xclements@example.org,2025-04-05,Tanzania
427,Justin Harvey,xmoran@example.net,2024-03-02,Bhutan
428,Courtney Peterson,amy51@example.org,2025-07-02,Lithuania
429,Mitchell Griffith,kingjames@example.org,2025-08-08,India
430,Roger Lee,daniel60@example.net,2025-04-28,Namibia
431,Steven Ellis,tamarasmith@example.net,2022-12-16,Vietnam
432,Kevin Glass,heatherthompson@example.org,2023-02-14,Palestinian Territory
433,Sonya Gordon,mbarnes@example.net,2025-02-05,Falkland Islands (Malvinas)
434,Grant Phillips,devonmorrison@example.net,2024-05-07,Tajikistan
435,Shannon Joseph,jamesweber@example.com,2024-11-14,Uruguay
436,Vicki Santos,williambenson@example.com,2024-12-10,Senegal
437,John Duncan,icraig@example.com,2025-06-11,Jamaica
438,Kelly Johnson,brianbrown@example.com,2025-01-23,Central African Republic
439,Miss Brianna Brown,james80@example.com,2025-04-03,Bosnia and Herzegovina
440,Megan Hoffman,juliahoffman@example.org,2024-05-05,South Africa
441,Donna Beck,yhughes@example.net,2023-10-01,Micronesia
442,Patrick Harris,ogreer@example.net,2024-12-09,Heard Island and McDonald Islands
443,Kimberly Morrison,kellythompson@example.net,2023-01-13,China
444,Barbara Williams,angela22@example.net,2025-05-08,Albania
445,Michael Moore,sarahcarlson@example.net,2024-08-28,Panama
446,Richard Pierce,bowerslouis@example.org,2025-09-06,Mali
447,Jonathan Perry,odavis@example.org,2024-10-20,Greenland
448,Daniel Goodwin,wbarajas@example.net,2022-11-02,Paraguay
449,David May,susanfleming@example.com,2023-12-15,South Africa
450,Janice Fernandez,angel85@example.net,2025-03-21,Kiribati
451,Mr. Matthew Flores,vaughangary@example.net,2024-05-30,Niue
452,Michael Ayala,nhouston@example.net,2025-04-19,Turkey
453,Patricia Lucas,burgesseric@example.com,2024-12-17,Argentina
454,Anthony Bauer,andrewsjeremy@example.com,2024-01-13,Korea
455,Jessica Smith,nicholsdarlene@example.net,2023-01-01,Samoa
456,Mercedes Jones,robertsgina@example.net,2023-01-26,Serbia
457,Jane Short,wellsamanda@example.org,2025-01-19,South Africa
458,Kimberly Choi,kennetheaton@example.net,2024-10-03,Zambia
459,Shaun Thomas,smithcandice@example.net,2024-06-15,Belize
460,Paul Berger,jason82@example.org,2023-05-13,Nicaragua
461,Cheyenne White,yorksarah@example.net,2024-03-12,Mexico
462,Michael King,jessicafreeman@example.com,2023-11-19,Paraguay
463,Ariel Harvey,louishayes@example.net,2024-10-15,Puerto Rico
464,Krystal Diaz,susan20@example.com,2023-07-20,Cyprus
465,Margaret Hill,dennis57@example.com,2024-02-24,Singapore
466,Juan Thompson,wilkinsonmichele@example.org,2025-06-26,Congo
467,Stephen Jones,mcclainmelissa@example.net,2022-11-27,Mozambique
468,Patricia Lewis,arnoldamy@example.net,2024-03-24,Singapore
469,James Vance,dennis88@example.org,2024-01-01,Macao
470,David Maynard,katherinetaylor@example.org,2023-05-08,Yemen
471,Shelby Thomas,ccrosby@example.org,2025-02-04,Djibouti
472,Jacob Williams,aprilmoody@example.com,2024-03-21,Korea
473,Amanda Wong,padillaadrienne@example.com,2025-04-26,Estonia
474,Laura Bennett,pdiaz@example.org,2024-05-12,Honduras
475,Courtney Sullivan,tommy79@example.org,2024-04-26,Burundi
476,David Robertson,jason22@example.com,2024-08-13,Svalbard & Jan Mayen Islands
477,David Shepherd,olsontimothy@example.org,2024-08-01,Oman
478,Alison Williams,dennishunt@example.net,2023-04-02,Chad
479,Christopher Mullen,johnsjessica@example.com,2025-08-27,Cuba
480,Willie Dillon,jeffreyjenkins@example.org,2025-03-12,Swaziland
481,Lisa Dixon,jennifercooper@example.com,2024-08-07,Bangladesh
482,James Rodriguez,alexandrablankenship@example.net,2024-01-27,Canada
483,Cassandra Valenzuela,richamanda@example.org,2023-02-03,Palestinian Territory
484,Larry Carey,xboyd@example.org,2024-11-26,Japan
485,Robert Clarke,zbell@example.net,2025-07-15,Taiwan
486,Anne Anderson,fcannon@example.com,2024-08-09,Mayotte
487,Colin Fletcher,lanedavid@example.org,2023-12-09,Costa Rica
488,Emily Cox,ronaldrichards@example.com,2025-05-18,Jamaica
489,Lisa Braun,afischer@example.net,2025-03-01,Liberia
490,Justin Webb,becky62@example.net,2023-03-03,Denmark
491,Michael Martin,williamhartman@example.net,2024-08-26,Poland
492,Caitlyn Oconnell,brockmadeline@example.com,2025-08-03,Jordan
493,Dennis Wood,ramseysarah@example.com,2024-08-26,Mali
494,Victor Brown,daniellegonzales@example.org,2025-05-13,Venezuela
495,Donna Johnson,christinacraig@example.com,2023-07-13,Afghanistan
496,Angie Hill,zgomez@example.com,2024-07-27,Maldives
497,Michael Calhoun,jessica89@example.com,2023-11-08,Suriname
498,Larry Lee,qandrews@example.org,2024-01-13,Botswana
499,Kathy Morgan,prattsue@example.net,2025-04-02,Morocco
500,Jeremy Bennett,wcarrillo@example.com,2025-09-11,Kuwait
501,Stephanie Atkins,ewilson@example.com,2024-09-17,Cyprus
502,Crystal Stewart,zachary04@example.org,2023-09-03,Iran
503,Samantha Jones,thomasgomez@example.net,2023-08-14,Yemen
504,Tara Lee,jimmyallen@example.com,2023-06-07,Cook Islands
505,Sara Kelly,wilsonchristian@example.net,2024-04-15,Albania
506,Kimberly Williams,uwatson@example.com,2025-07-04,Turkmenistan
507,Sheila Henry,raymond92@example.org,2024-05-22,Jamaica
508,Joshua Shaw,xdalton@example.org,2024-03-08,British Indian Ocean Territory (Chagos Archipelago)
509,Julia Norris,craignicolas@example.org,2023-10-15,New Zealand
510,Chelsea Baker,thomas95@example.com,2023-05-13,Jamaica
511,Michael Watson,lramirez@example.net,2023-03-16,Morocco
512,Robin Le,angelachase@example.org,2023-04-01,Saint Vincent and the Grenadines
513,Robert Thompson,otaylor@example.net,2024-05-31,Germany
514,Elizabeth Hart,rosshannah@example.org,2023-06-17,Equatorial Guinea
515,Mark Cole,jordan58@example.net,2025-08-10,Equatorial Guinea
516,Jason Bell,barbarasantos@example.net,2023-05-03,Slovakia (Slovak Republic)
517,Frederick Dixon,ypreston@example.net,2023-09-03,Norfolk Island
518,Sheena Davidson,robert99@example.com,2025-05-11,Barbados
519,Greg Edwards,jennifer96@example.com,2025-06-22,Slovakia (Slovak Republic)
520,Heidi Matthews,lgutierrez@example.org,2023-03-10,Dominica
521,Teresa Haynes,clarkrandy@example.org,2023-01-01,Turkey
522,Anthony Wise,garciachristine@example.org,2024-10-10,Turks and Caicos Islands
523,Dave Rojas,isims@example.net,2025-04-30,Antarctica (the territory South of 60 deg S)
524,Howard Herman,imcdonald@example.com,2024-06-16,Burkina Faso
525,Melissa Thompson,owelch@example.net,2024-02-12,Northern Mariana Islands
526,Emily Reed,lindaramos@example.com,2024-01-18,Cape Verde
527,Aaron Ochoa,mauriceharrison@example.org,2024-11-15,Liechtenstein
528,Karen Smith,myates@example.org,2025-03-15,Mexico
529,Jason Castro,twright@example.net,2024-10-01,Switzerland
530,Dennis Henderson,zacharymarsh@example.net,2025-03-27,Poland
531,Matthew Patel,robert12@example.org,2023-09-06,Northern Mariana Islands
532,Jesse Graves,blopez@example.org,2022-12-17,Martinique
533,William Campbell,jenniferacosta@example.org,2023-01-30,American Samoa
534,Glenn Collins DDS,steven05@example.org,2025-05-05,Zambia
535,Derek Long,qwhite@example.com,2025-04-18,British Virgin Islands
536,Michelle Cruz,cwright@example.org,2024-03-12,Sierra Leone
537,Maxwell Clark,tmaldonado@example.com,2023-04-15,Saint Lucia
538,Timothy Meyer,timothy43@example.com,2025-06-22,Tonga
539,Valerie Young,knguyen@example.com,2024-07-25,Indonesia
540,Alexa Williams,jbarker@example.com,2025-02-14,Egypt
541,Brandon Montgomery,browndeanna@example.net,2024-06-02,Botswana
542,David Holden,linda73@example.org,2024-11-17,Guinea-Bissau
543,Danielle Williams,ihansen@example.net,2024-04-13,Montenegro
544,Gregory Oconnor,mikayla98@example.org,2023-01-07,Cape Verde
545,Robert Weaver,osmith@example.net,2023-12-13,Colombia
546,Lisa Diaz,malikbrown@example.net,2025-04-08,Comoros
547,Kathleen Arnold,marcus51@example.org,2024-05-19,Bangladesh
548,Todd White,harristodd@example.org,2022-11-27,Norway
549,Mary Fox,brandon39@example.net,2023-01-09,Venezuela
550,Mary Hebert,mcdonalddanielle@example.com,2024-06-26,Wallis and Futuna
551,Samantha Bauer,colonjoseph@example.org,2025-01-05,Syrian Arab Republic
552,Tony Yu,garciajerry@example.com,2023-05-19,Malta
553,Laura Meza,xreese@example.net,2024-07-16,Peru
554,Maurice Andrade,laurapierce@example.net,2023-10-28,Cayman Islands
555,Lindsay Mahoney,andrea55@example.com,2025-02-07,Jersey
556,Erica Allen,nicholaspierce@example.net,2023-07-29,Korea
557,James Barber,caitlin82@example.com,2022-10-31,Cyprus
558,Ethan Ingram,samantha88@example.net,2025-08-03,Cape Verde
559,Joe Moore,michael93@example.org,2023-07-31,French Southern Territories
560,James Hardin,cummingslaura@example.org,2024-04-11,United Arab Emirates
561,Laura Velez,benjamin96@example.org,2025-02-25,Uruguay
562,Hannah Montoya,hconrad@example.org,2025-01-20,Thailand
563,Alexandra Waters,hbrown@example.org,2023-10-08,Mongolia
564,Jonathan Walker,nunezwendy@example.com,2025-01-26,Morocco
565,Courtney Roberts,vhernandez@example.org,2024-03-28,Samoa
566,James Miller,iayala@example.org,2024-04-03,Congo
567,Matthew Gonzalez DDS,johnadams@example.com,2023-10-13,Uzbekistan
568,Ashley Gutierrez,michael55@example.net,2024-10-11,Sierra Leone
569,William Jensen,chanson@example.org,2025-08-01,Djibouti
570,James Todd,rodriguezbrian@example.net,2025-08-04,Trinidad and Tobago
571,Donna Cooper,torresthomas@example.com,2023-06-10,Mauritania
572,Joshua Christensen,jdean@example.net,2024-11-27,Andorra
573,Taylor Rose,george43@example.net,2024-08-31,Austria
574,Tony Jones,elizabeth51@example.org,2023-09-09,Turks and Caicos Islands
575,Crystal James,mckeetodd@example.net,2024-05-28,Colombia
576,Walter Castro,williamssandra@example.com,2023-10-24,India
577,Alicia Sutton,colleen38@example.com,2025-03-31,Niue
578,James Cooke,raymondstacy@example.org,2023-04-08,Ukraine
579,Chad Blair,robertberry@example.com,2025-09-21,United States of America
580,Joann Anderson,biancasutton@example.org,2025-05-26,Georgia
581,Stephanie Browning,xforbes@example.org,2024-10-12,Mongolia
582,Emily Grant,whitemary@example.org,2024-12-28,Serbia
583,William Ali,scott42@example.org,2023-02-18,Colombia
584,William Jensen,caitlynhall@example.org,2023-11-21,Portugal
585,Brandi Mathis,xjoseph@example.org,2025-05-14,Liechtenstein
586,Christopher Perez,aduran@example.com,2025-08-30,Cyprus
587,Virginia Todd,thompsonstephanie@example.com,2025-05-31,Liechtenstein
588,Sharon Clay,csullivan@example.net,2025-01-06,Hong Kong
589,Jennifer Crosby,meyershannon@example.org,2025-06-12,Ecuador
590,Jennifer Moss,oblack@example.org,2023-05-20,Kazakhstan
591,Eric Carey,sjackson@example.net,2025-07-27,Portugal
592,Brenda Gallegos,gdavis@example.org,2023-05-09,Myanmar
593,Melissa Taylor,bmorris@example.org,2024-03-04,Ukraine
594,Christina Gibson,mario21@example.org,2023-02-26,Korea
595,Angela Zimmerman,nicholasjames@example.org,2025-07-19,Mongolia
596,Shari Martin,haroldjoseph@example.com,2023-09-26,Saint Lucia
597,Jill Sims,roachsusan@example.org,2024-09-05,El Salvador
598,Jonathan Jimenez,franklintrevor@example.org,2024-07-30,Lebanon
599,Jeremy Burke,sanchezamy@example.net,2024-09-11,Svalbard & Jan Mayen Islands
600,Amber Hernandez,benjamin09@example.net,2023-09-16,Uruguay
601,Brian Chaney,emilycarr@example.net,2024-11-29,Montserrat
602,Cassandra Gibson,sarah14@example.com,2023-12-01,Hong Kong
603,Olivia Bridges,carterdennis@example.net,2025-05-22,Greenland
604,Kelly Dominguez,rodriguezjessica@example.net,2024-05-25,Benin
605,Mr. Timothy Andersen,ronald54@example.net,2024-07-15,Nigeria
606,Carl Hart,lvasquez@example.net,2023-07-06,French Guiana
607,April Johnson,mclaughlinjared@example.net,2025-10-22,Isle of Man
608,Gregory Shaffer,alexharris@example.com,2023-07-29,Bangladesh
609,Jonathon Nguyen,wilsonmathew@example.com,2024-12-25,Nicaragua
610,Sandra Lee,sandra77@example.org,2024-09-30,Liberia
611,Joe Grimes,steven60@example.net,2023-09-17,Saint Kitts and Nevis
612,Kristen Smith,lauren51@example.org,2023-08-27,Antarctica (the territory South of 60 deg S)
613,James Ferguson,ashleyprice@example.net,2023-03-01,Slovenia
614,Michele Edwards,nelsonchristopher@example.org,2023-12-05,Switzerland
615,Cindy Turner,brooksbenjamin@example.org,2025-07-21,Kenya
616,Rebecca Stein,jamesmclean@example.net,2025-06-07,Georgia
617,Briana Wiggins,jamiejohnson@example.com,2024-12-14,Mali
618,Eric Williams,cookpamela@example.org,2024-05-16,Palestinian Territory
619,Alison Blake,manuellee@example.com,2024-05-29,Sierra Leone
620,Bruce Hernandez,danny98@example.net,2023-02-13,Mauritius
621,Fernando Thomas,audrey21@example.com,2024-08-26,Guadeloupe
622,Amber Johnson,rodriguezbrian@example.com,2023-12-27,Romania
623,Leslie Huff,tjensen@example.com,2025-04-06,Rwanda
624,Rhonda Miller,fbradley@example.net,2024-03-20,Korea
625,Matthew Miranda,ohall@example.org,2025-05-24,Nicaragua
626,Jack White,kristina57@example.com,2022-11-26,Lebanon
627,John Singleton,katrina99@example.org,2024-05-02,Iraq
628,Rebecca Nguyen,sparksamanda@example.com,2024-08-01,Dominican Republic
629,Kimberly Dickson,njones@example.net,2024-08-01,Slovenia
630,Ms. Gloria Benson,elainemiller@example.net,2024-07-14,Libyan Arab Jamahiriya
631,Kyle Nguyen,shortgregory@example.com,2023-01-08,Botswana
632,Linda Wilkins,troy01@example.org,2025-04-06,Tuvalu
633,Nicole Pacheco,donnachavez@example.com,2023-12-25,Morocco
634,Daniel Rich,ashley46@example.net,2025-10-04,Guatemala
635,Lauren Carr DDS,melissabrown@example.net,2025-09-18,Afghanistan
636,Samantha Howard,michelle36@example.net,2024-07-31,Niue
637,James James,elainewells@example.org,2024-06-23,Tajikistan
638,Sara Moore,dennisjones@example.org,2023-03-30,Turks and Caicos Islands
639,Mr. William Miller,ydalton@example.net,2024-08-16,Jamaica
640,Jordan Coleman,ocruz@example.org,2024-02-01,Albania
641,Sarah Young,robert89@example.com,2022-11-29,Argentina
642,Michele Wilson,fnixon@example.org,2025-01-01,Malta
643,Dr. Peggy Marshall,millschelsea@example.org,2024-03-24,Saint Vincent and the Grenadines
644,Mary Sutton,chloe58@example.org,2024-03-20,Malaysia
645,Laura Rivera,susan44@example.org,2022-12-01,Uzbekistan
646,Elizabeth Glover,bryan79@example.org,2024-07-12,Palestinian Territory
647,Rhonda Weber MD,martinezchase@example.com,2023-07-27,Nicaragua
648,Scott Smith,munozrenee@example.net,2023-04-07,Kiribati
649,Christopher Patton,toddlloyd@example.org,2023-11-03,Belize
650,Linda Underwood,amullins@example.com,2023-07-11,Kazakhstan
651,Carol Lane,brian41@example.org,2023-04-25,Iran
652,John Vaughan,noahthornton@example.com,2023-08-07,Marshall Islands
653,Alexandra Ho,ureyes@example.net,2024-11-10,Armenia
654,Joseph Gomez,pbishop@example.com,2023-10-26,Ethiopia
655,Dawn Silva,vmejia@example.org,2025-01-05,Namibia
656,Kelly Byrd,lawrencesmith@example.org,2025-04-22,American Samoa
657,Joseph Jennings,jeffrey44@example.org,2022-11-30,Niger
658,Todd Douglas,stephanielittle@example.net,2025-09-07,Benin
659,Beverly Douglas,pauladominguez@example.com,2023-09-11,Panama
660,Margaret Livingston,kayla54@example.org,2025-02-25,Falkland Islands (Malvinas)
661,Janet Cook,scottlisa@example.org,2024-02-18,Liechtenstein
662,Christina Long,irodriguez@example.com,2023-06-20,Norway
663,Jeremy Green,jonesashley@example.com,2025-02-21,Andorra
664,Brittany Bowman,ortegajoseph@example.net,2023-10-20,India
665,Kaylee Case,zmendoza@example.net,2025-02-25,Solomon Islands
666,Darrell Cruz,imartinez@example.com,2023-10-24,Gabon
667,Mark Benjamin,diazmelissa@example.com,2023-01-20,Kuwait
668,Donna Harris,poncedonna@example.com,2024-11-24,Ukraine
669,Michael Tucker,imoss@example.org,2023-05-23,Saint Helena
670,Cynthia Price PhD,victor70@example.org,2023-10-30,Guadeloupe
671,Amanda Wilson,ibentley@example.org,2025-01-13,Djibouti
672,Amanda Thomas,ruizsamantha@example.org,2023-07-16,Pakistan
673,Christopher Williams,lori17@example.net,2023-04-29,Nauru
674,Robert Wilson,bryanharris@example.com,2025-03-31,Saint Pierre and Miquelon
675,Erika Daugherty,marcoconnell@example.org,2025-02-07,Nauru
676,Arthur Hill,xjackson@example.net,2023-04-22,Ecuador
677,Amanda Garcia,bstrickland@example.com,2023-01-20,Albania
678,Brandon Pearson,robert72@example.org,2023-03-29,Faroe Islands
679,Jennifer Hurley,carlsonjennifer@example.net,2025-08-30,Niue
680,Elizabeth Barnes,jamesdowns@example.org,2024-09-01,Tokelau
681,Kimberly Robinson,joshualee@example.org,2024-11-13,United States Minor Outlying Islands
682,Christopher Santiago,brownmichael@example.org,2024-02-12,Grenada
683,Stefanie Chavez,yangsara@example.org,2023-04-15,Antarctica (the territory South of 60 deg S)
684,Mr. Steven Griffith,robert53@example.org,2023-10-16,Bolivia
685,Jason Gonzalez,charlesrichards@example.org,2025-06-25,Cameroon
686,Leon Thompson,derek35@example.com,2023-06-02,Brunei Darussalam
687,Keith Ramirez,yorkstephen@example.org,2025-02-03,Cyprus
688,Lindsey Clarke,belindatran@example.org,2023-01-26,Togo
689,Shannon Robinson,rhood@example.org,2025-01-01,Saint Pierre and Miquelon
690,Danielle Hamilton,patriciavargas@example.org,2025-07-21,Ukraine
691,William Williams,gquinn@example.org,2024-02-02,India
692,Robert Nicholson,fsimpson@example.net,2025-01-26,Puerto Rico
693,Tiffany Anderson,john10@example.com,2024-10-26,Central African Republic
694,Shannon Burgess,braysteven@example.org,2025-06-08,Iraq
695,Seth Sims,daltonchad@example.net,2023-10-23,Antigua and Barbuda
696,Paul Wolfe,kristinmiller@example.com,2025-01-07,Azerbaijan
697,Susan Cox,rodriguezmichael@example.net,2022-12-07,Haiti
698,Justin Jones,devonrogers@example.net,2023-02-25,Lesotho
699,Nicole Pitts,karenhodges@example.com,2023-11-14,Ethiopia
700,Jenny Brown,michael78@example.net,2025-04-20,Latvia
701,Meghan Patel,shannon51@example.org,2025-06-27,Kuwait
702,James White,rodriguezjoshua@example.net,2023-04-04,Canada
703,Kelly Burton,robert82@example.com,2023-11-07,Kenya
704,Alison Lopez,wigginsjesse@example.net,2024-09-29,Isle of Man
705,Mary Buchanan,swatkins@example.net,2025-05-03,Kenya
706,Keith Villanueva,george43@example.com,2023-12-05,France
707,Amber Gomez,nhuber@example.org,2024-12-12,France
708,Christopher Erickson,evanwilson@example.com,2024-07-14,Kazakhstan
709,Cody Hart,wadetiffany@example.org,2023-12-06,Mauritius
710,Kimberly Martinez,sullivanvictor@example.org,2025-08-27,Vanuatu
711,Aaron Rodgers,deborah47@example.com,2025-09-20,Saudi Arabia
712,Ms. Bridget Cunningham,hmorgan@example.net,2024-03-31,Armenia
713,Juan Parker,owilliamson@example.com,2023-11-19,Greece
714,Martin Silva,kimberlywang@example.org,2022-11-17,Mauritania
715,Megan Rosario,ulee@example.net,2024-08-17,Western Sahara
716,Melvin Sanders,xwood@example.org,2023-08-31,Guernsey
717,Jeremy Hoffman,jessicawallace@example.com,2025-03-22,France
718,Nicholas Hurst,ltaylor@example.net,2023-01-26,Cote d'Ivoire
719,William Fox,carl96@example.org,2022-10-31,Northern Mariana Islands
720,Jennifer Peters,jamescollier@example.com,2024-06-22,Armenia
721,Elizabeth Richards,dhansen@example.org,2022-11-22,Afghanistan
722,Eric Davidson,qmartinez@example.com,2024-01-24,Liechtenstein
723,Maria Johnson,trevor19@example.net,2023-11-24,Liberia
724,Sheena Burton,hmccann@example.com,2024-05-07,Morocco
725,David Perkins,luisjohns@example.org,2023-11-19,Austria
726,Jason Barr,brandon48@example.net,2025-08-15,Malaysia
727,Mark Duran,amybrennan@example.net,2025-03-18,Faroe Islands
728,Melissa Davis,madeline02@example.net,2023-08-28,Slovakia (Slovak Republic)
729,Mr. Thomas Garcia,wesleydecker@example.net,2024-08-26,Switzerland
730,Sarah Marquez,butlersabrina@example.org,2025-04-08,Uzbekistan
731,Gregory Vazquez,lisapreston@example.net,2024-05-19,Guam
732,Eric Garner,walkermelissa@example.org,2024-11-16,Gambia
733,Carlos Miller,joneskim@example.com,2022-12-09,Botswana
734,Matthew Watkins,qwilson@example.org,2023-01-04,Papua New Guinea
735,Brent Martinez,brianagonzalez@example.net,2023-11-13,Bermuda
736,Paul Ramirez,michael89@example.org,2024-04-29,Bangladesh
737,Kenneth Smith,jenniferbrandt@example.org,2025-07-08,Mauritania
738,Nicholas Glass,lrichardson@example.org,2024-02-17,Botswana
739,Henry Gray,willierussell@example.com,2023-03-08,Bouvet Island (Bouvetoya)
740,Kathleen Ward,angela01@example.com,2024-04-17,Hungary
741,Kyle Collins,aperez@example.com,2025-10-07,Japan
742,Benjamin Randall,xcrosby@example.org,2022-11-07,Peru
743,Brian Kim DDS,wilsonralph@example.net,2024-08-01,Bosnia and Herzegovina
744,Stephanie Jackson,theresa53@example.net,2025-05-06,Iraq
745,Ryan Hardy,kathy99@example.com,2025-01-29,Spain
746,Jennifer Alvarez,garcher@example.com,2023-04-03,Korea
747,David Crawford,anthonyrojas@example.org,2024-04-21,Anguilla
748,Janet Shelton,kevinhanson@example.org,2024-10-17,Mali
749,Rebecca Harris,qhenry@example.net,2023-11-04,Tokelau
750,Alicia Gallagher,hbeard@example.com,2024-02-29,Timor-Leste
751,Joe Johnson,nicole27@example.com,2023-03-20,Saint Barthelemy
752,Phillip Carroll,rkeller@example.net,2024-07-12,Lebanon
753,Brooke Brown,troy69@example.net,2023-11-14,Finland
754,Alfred Williams,michael90@example.net,2023-11-02,Bhutan
755,William Jenkins,stanleyjohn@example.net,2023-10-01,Belize
756,Ana Torres,geoffrey85@example.org,2024-03-12,Tonga
757,Jose Fisher,dominguezbrianna@example.com,2023-12-12,Iceland
758,Brent Freeman,matthewshaw@example.net,2023-10-31,Nicaragua
759,Wayne Harris,pittmanamanda@example.com,2023-08-10,French Southern Territories
760,Jennifer Perez PhD,robbinsbelinda@example.net,2023-10-28,Bangladesh
761,Kiara Simmons,laura48@example.com,2024-02-10,Mauritius
762,Jason King,jpowers@example.org,2025-06-15,Niue
763,Shari Ray,donnaholloway@example.com,2023-08-13,Northern Mariana Islands
764,Lisa Hammond,umichael@example.net,2022-12-28,Cook Islands
765,Charles Hernandez,megan65@example.org,2024-09-17,Tanzania
766,Rodney Lucas,gloria36@example.org,2023-02-25,Congo
767,Robert Collins,bcastro@example.com,2024-10-02,Argentina
768,Dominic Johnson,donna20@example.net,2024-04-08,Angola
769,Steven Edwards,michelle65@example.net,2024-10-13,Bermuda
770,Ryan Cameron,danielnavarro@example.org,2024-05-18,Switzerland
771,Patricia Fox,pwilkerson@example.net,2023-03-07,Sri Lanka
772,Ronnie Mclaughlin,selenarobinson@example.org,2023-05-03,Falkland Islands (Malvinas)
773,David Lawrence,sferguson@example.org,2023-10-05,Jamaica
774,David Ramirez,michaelbaldwin@example.com,2022-11-16,United Kingdom
775,Sarah Bates,vazquezkristina@example.org,2023-07-28,Hungary
776,Tyler Cox,nicholsjoel@example.com,2023-12-23,United States of America
777,Tanya Hardin,christopher34@example.org,2025-05-22,Central African Republic
778,Lynn Suarez,rmccormick@example.org,2025-04-13,Wallis and Futuna
779,Norman House MD,gmcdowell@example.org,2024-11-27,Madagascar
780,Jason Daniel,shawn00@example.net,2024-09-26,Norfolk Island
781,Martin Smith,courtneyedwards@example.org,2023-02-22,Egypt
782,Tracy Rivas,melaniejennings@example.com,2024-03-01,Tunisia
783,Debbie Mcdaniel,lauren31@example.com,2023-11-30,India
784,Theresa Wilkerson,andrewjohnson@example.net,2024-10-02,Niue
785,Brandon Ford,jacqueline20@example.com,2024-08-31,Netherlands Antilles
786,Brandon Richardson,smithalicia@example.com,2025-04-17,Lithuania
787,Micheal Lee,keith76@example.org,2024-02-08,Costa Rica
788,Whitney Campbell,robertortiz@example.org,2022-11-24,Estonia
789,Jerry Wright,emiller@example.org,2025-06-05,Puerto Rico
790,Daniel Reyes,qfitzgerald@example.org,2023-02-05,Bahamas
791,Timothy Ruiz,wendy90@example.org,2023-07-29,Niger
792,William Lambert,tammyhansen@example.net,2023-05-08,Chile
793,Tara Humphrey,christopherpage@example.com,2023-03-28,Brazil
794,William Porter,julie64@example.com,2024-08-25,Senegal
795,Kelly Graham,leslievang@example.org,2024-06-24,Uzbekistan
796,Rebecca Brown,brianwhite@example.com,2023-08-05,Romania
797,Brian Woodard,wwilliams@example.net,2024-06-29,Kuwait
798,Ryan Camacho Jr.,harrisjustin@example.org,2025-01-22,Swaziland
799,Steven Willis,foxashley@example.com,2025-07-28,Egypt
800,Megan Clay,mitchelltina@example.org,2023-12-30,Nauru
801,Ashley Morris,millermariah@example.net,2024-04-01,Niue
802,Linda Smith,douglasstephanie@example.com,2025-08-27,Saint Martin
803,Rebecca Anderson,solisjustin@example.org,2025-01-16,Mexico
804,Jane Ross,johnwise@example.com,2023-01-29,Timor-Leste
805,James Powell,davidhenry@example.com,2025-01-07,Uruguay
806,Michael Anderson,collierwilliam@example.com,2024-02-24,Iceland
807,Justin Henderson,nshepherd@example.org,2024-02-11,Japan
808,Jose Mcpherson,deborahreeves@example.com,2024-05-23,Oman
809,Donna Kim,ievans@example.net,2025-07-09,Tajikistan
810,Jeffrey Carroll,lowerywilliam@example.net,2024-02-01,Bhutan
811,Nathan Hess,jonathan18@example.org,2023-02-25,Panama
812,Richard Cameron,millernancy@example.com,2023-10-03,Saint Kitts and Nevis
813,Michael Hanson,matthew23@example.org,2023-01-17,Netherlands
814,Michael Hamilton,smithdarryl@example.org,2024-10-11,Kuwait
815,Sheila Church,nturner@example.com,2024-11-18,Portugal
816,Regina Miller,alexanderrodriguez@example.org,2024-11-24,Comoros
817,Christine Wong,ryangarrett@example.net,2023-05-21,Gabon
818,Brittany Henderson,martinelijah@example.net,2024-02-24,Libyan Arab Jamahiriya
819,Scott Richards,kennethgallegos@example.com,2022-12-18,Algeria
820,Ryan Reynolds,vallison@example.net,2024-08-07,Micronesia
821,Mrs. Jennifer Palmer DDS,dhall@example.net,2022-11-13,Morocco
822,Arthur Orozco,hsmall@example.com,2024-09-05,Oman
823,Michael Smith,jessica75@example.com,2023-07-05,Cyprus
824,Melinda Dorsey,sanderson@example.net,2024-12-11,Israel
825,Megan Navarro,kmarsh@example.net,2023-06-08,Portugal
826,Mary Anderson,ericvasquez@example.com,2025-08-22,Lithuania
827,Daniel Williams,howardjose@example.net,2023-04-15,Sweden
828,Kathy Roman,ryan93@example.org,2024-06-30,Libyan Arab Jamahiriya
829,Gerald Kelly,carrilloangela@example.org,2025-05-16,Tunisia
830,Maureen Mccarthy,wlloyd@example.org,2025-09-26,Slovenia
831,Rachael Meza,romerogary@example.org,2025-06-04,United States Minor Outlying Islands
832,Nicholas Erickson,goconnor@example.org,2024-10-02,Grenada
833,Barbara Harris,ahammond@example.org,2025-04-25,Lebanon
834,Jonathan Miller,jennifer65@example.net,2024-10-21,Canada
835,Kendra Cobb,lauriegutierrez@example.com,2025-07-04,Zambia
836,Rebecca Cox,ramoskayla@example.net,2025-03-25,Western Sahara
837,George Morales,ryanlong@example.org,2024-10-16,Norway
838,Kenneth Levine,robert84@example.net,2025-01-14,United States of America
839,Ronald Mccullough,isabellagriffin@example.org,2025-06-22,Nigeria
840,Marissa Terry,trowe@example.org,2022-12-03,Grenada
841,Nathan Hobbs,jason88@example.com,2024-05-17,Saudi Arabia
842,Allison Zamora,john46@example.net,2023-02-22,Bahamas
843,Debbie Romero,williamsdebra@example.org,2024-02-27,Montserrat
844,Jody Bird,michaelmitchell@example.net,2024-07-12,Burundi
845,Kelly Wright,zachary35@example.com,2023-02-08,Rwanda
846,Jason Davis,ebeasley@example.org,2024-02-24,Heard Island and McDonald Islands
847,Jennifer Hansen,lwiggins@example.com,2024-09-20,Kazakhstan
848,Theresa Dennis,jcolon@example.net,2023-03-12,Rwanda
849,Walter Palmer,bensonstanley@example.org,2025-01-19,Western Sahara
850,Tammy Wilson,xrodriguez@example.net,2023-09-06,Mali
851,Jacob Ritter,kelly02@example.org,2025-03-01,Italy
852,Steven Small,isaacsingh@example.org,2023-03-07,Guernsey
853,Andrew Olson,ariel56@example.com,2025-04-25,Syrian Arab Republic
854,Pamela Wagner,qgill@example.com,2023-04-05,Saint Lucia
855,Robert Beck,zhughes@example.com,2024-06-07,Paraguay
856,Nancy Brewer,jasminearmstrong@example.net,2023-09-27,Oman
857,Justin Lee,bernardaimee@example.com,2024-04-26,Andorra
858,Timothy White,hilljamie@example.net,2025-04-30,Mozambique
859,Robert Lawson,fchapman@example.org,2023-10-31,Cocos (Keeling) Islands
860,Scott Stewart,christopher18@example.org,2023-09-01,Cocos (Keeling) Islands
861,Brandon Parker,dgregory@example.net,2025-09-11,Cocos (Keeling) Islands
862,Anthony Price,douglas54@example.com,2025-08-20,United Arab Emirates
863,Dale Goodwin,trevorgoodwin@example.com,2025-08-29,Ethiopia
864,John Russell,ojohnson@example.org,2025-07-21,Andorra
865,Victor Leonard,kathrynpearson@example.org,2023-09-22,Ireland
866,Ryan Mason,nathanielgalloway@example.org,2024-06-04,Jamaica
867,Kristen Williams,nwoodward@example.com,2024-10-08,Chad
868,Timothy Olson,mary65@example.net,2023-06-14,Tajikistan
869,Amber Stevenson,turnerrandall@example.org,2025-04-21,Saint Kitts and Nevis
870,Diana Reynolds,nicole54@example.net,2024-03-03,Ecuador
871,Erica Clark,allen20@example.net,2024-03-29,United Arab Emirates
872,Christopher Peters,ifarmer@example.org,2025-03-04,Pakistan
873,Kimberly Stafford,wchambers@example.com,2025-04-17,Guinea-Bissau
874,Ryan Cain,martinezmitchell@example.org,2024-02-23,Cyprus
875,Olivia Becker,james94@example.net,2023-06-23,Lithuania
876,Amanda Vasquez,adrianjoyce@example.net,2024-01-01,Trinidad and Tobago
877,Jonathan Jackson,donnaknight@example.net,2024-08-14,China
878,Carl Brown,sarah38@example.net,2025-02-27,Congo
879,Allison Booker,erin70@example.com,2024-09-25,Western Sahara
880,Sarah Morris,rhill@example.net,2024-03-18,Guyana
881,Amanda Griffith,ramirezrobert@example.com,2023-10-05,India
882,Brad Armstrong,mooneyjeremiah@example.net,2024-01-31,Belarus
883,Christina Murphy,garrettcolin@example.com,2024-02-09,Anguilla
884,Lori Cook,john73@example.com,2025-04-23,Swaziland
885,Robert Harding,oduran@example.com,2024-07-19,Belize
886,Sydney Bennett,pattonbryan@example.com,2022-12-23,New Zealand
887,Andrea Byrd,phillipspatrick@example.org,2024-08-30,Isle of Man
888,Kyle Keller,chavezsteven@example.com,2025-06-14,Niger
889,Matthew Lowe,gibsonmark@example.org,2023-02-19,American Samoa
890,Andrea Clarke,rebeccamartinez@example.net,2023-07-31,Italy
891,Mr. Cody Taylor,brownlarry@example.com,2024-05-08,Pakistan
892,Emily Mcclure,dylanparker@example.com,2023-09-08,Algeria
893,Mary Thomas,williamconley@example.org,2024-01-29,Congo
894,Margaret Harris,petersonelizabeth@example.net,2024-11-20,Lao People's Democratic Republic
895,Erin Lane,christina65@example.org,2023-02-15,Turkey
896,Amanda Robinson,fowlerheather@example.com,2024-09-06,Dominican Republic
897,Dr. Robert Aguirre,lharris@example.org,2023-11-25,Barbados
898,Justin Thomas,llee@example.com,2022-12-11,Antarctica (the territory South of 60 deg S)
899,Duane Robinson,jennifer58@example.org,2023-05-07,Angola
900,Dennis Garcia,nicholascobb@example.org,2023-10-29,Cote d'Ivoire
901,David Pacheco,shelleyrowland@example.net,2025-06-16,Turkey
902,Bailey Andrade,lauralee@example.com,2024-11-23,Ghana
903,Vanessa Sanchez,hinesbrenda@example.net,2023-09-11,Canada
904,Anthony Flynn,melissaschmitt@example.com,2023-06-10,Belgium
905,Rachel Mendez,williampotter@example.net,2025-01-24,Holy See (Vatican City State)
906,Mr. Frank Brooks DDS,lwells@example.com,2024-09-22,Somalia
907,Amanda Robinson,shannonyoung@example.org,2023-09-24,Tuvalu
908,Christopher Kirby,andrea21@example.com,2024-02-23,Guinea
909,Andrew Hunt,ronald76@example.com,2023-11-30,Luxembourg
910,James White,josephjones@example.org,2023-09-11,Macao
911,Maria Hartman,coreyjones@example.org,2024-06-13,Grenada
912,Gary Turner,james92@example.net,2025-01-11,United States Minor Outlying Islands
913,Randy Campbell,krista66@example.net,2025-01-31,American Samoa
914,Jose Juarez,michelleperez@example.net,2025-01-22,Lebanon
915,Kevin Tran,dsharp@example.com,2025-03-09,Germany
916,Jessica Mcmahon,cclark@example.net,2022-11-25,Burundi
917,Bethany Harding,porterdonna@example.com,2023-10-31,Italy
918,Paul Farmer,mark09@example.org,2025-07-30,Cape Verde
919,Wendy Carroll,nbaird@example.com,2023-01-01,Hungary
920,Brian Hudson,tfowler@example.org,2023-04-29,Peru
921,Amanda Barker,mjohnson@example.org,2025-07-18,Hungary
922,David Keller,gibsonmiguel@example.org,2023-04-30,Tokelau
923,Jeanne Mayo,amandamendoza@example.org,2023-12-24,United Kingdom
924,Beverly Harris,qmeyers@example.com,2023-04-16,Morocco
925,Laurie Shaw,ahill@example.org,2024-02-24,Sweden
926,Robert Fox,kstevens@example.org,2025-01-09,France
927,Tamara Reed,peter26@example.org,2023-05-08,Niger
928,Judith Bartlett,hollydavis@example.net,2025-08-25,Dominican Republic
929,Brooke Khan,elizabeth13@example.com,2024-01-17,Serbia
930,Whitney Jones,gordonkimberly@example.com,2024-03-01,El Salvador
931,Andrew Johnson,vjames@example.com,2025-05-18,Indonesia
932,David Fletcher,markgoodman@example.com,2024-03-12,Belize
933,Dana Dodson,thomasramirez@example.org,2023-04-28,Andorra
934,Cassandra Martinez,qjackson@example.org,2024-11-04,Cape Verde
935,Christopher Klein,scottwilliams@example.net,2025-03-31,Norway
936,Mary Garcia,scott90@example.org,2025-02-16,Seychelles
937,David Kerr,christopherfisher@example.org,2023-10-28,Congo
938,Amy Benjamin,roblesmaria@example.org,2024-12-25,Aruba
939,Brian Murphy,colleenvilla@example.com,2025-08-18,British Indian Ocean Territory (Chagos Archipelago)
940,Brian Morris,moralesleslie@example.com,2023-06-14,Cyprus
941,Robert Santos,bradley36@example.com,2025-02-11,Luxembourg
942,Mrs. Kimberly Mooney,johnathandavis@example.com,2025-10-03,Qatar
943,Tim Wise,martinreid@example.net,2023-10-07,Thailand
944,Andrea Smith,oreyes@example.net,2023-07-05,Namibia
945,Alexis Smith,parkerjoann@example.org,2024-09-02,Bahamas
946,Jonathan Harris,charris@example.org,2025-08-01,Netherlands Antilles
947,Jill Wiley MD,dawn08@example.com,2024-10-03,France
948,Crystal Quinn,john80@example.net,2025-10-11,Spain
949,Michelle Franklin,lboyd@example.com,2024-09-13,Bahrain
950,Andrea Lee,shawnamartinez@example.org,2024-08-03,Switzerland
951,Christine Romero,thardy@example.org,2024-12-22,Ecuador
952,Larry Turner,mfaulkner@example.com,2025-05-26,Liberia
953,William Sanders,thomashenderson@example.net,2025-01-06,Senegal
954,Troy Olson,fsimmons@example.com,2024-08-06,Cape Verde
955,Casey James,shawn68@example.net,2024-04-03,Grenada
956,John Moore,adamhensley@example.net,2024-12-26,Liechtenstein
957,Jason Foster,patrick49@example.org,2024-01-15,Argentina
958,Belinda Frederick MD,xkrueger@example.net,2023-11-10,Russian Federation
959,Michael Horton DDS,pfitzgerald@example.com,2022-11-30,Suriname
960,Michael Johnson,josegibson@example.net,2023-04-03,Egypt
961,Tiffany Skinner,wilsonchristopher@example.net,2025-07-24,Indonesia
962,Valerie Miller,nancymartin@example.com,2023-07-28,Gabon
963,Kim Tanner,jessica11@example.net,2024-07-12,South Georgia and the South Sandwich Islands
964,Charles Goodman,ahale@example.org,2025-04-05,Afghanistan
965,Raymond Butler,upena@example.com,2023-04-29,Holy See (Vatican City State)
966,Chad Tucker,hayeslisa@example.org,2023-06-01,San Marino
967,Peter Green,nalexander@example.org,2025-06-01,Chad
968,Brady Martinez,petersonbrenda@example.com,2024-04-07,Senegal
969,Antonio Walton,ortegakristina@example.org,2023-02-07,Mali
970,Jaime Meyer,sarah75@example.net,2024-02-06,Heard Island and McDonald Islands
971,Grace Edwards,shelleyortega@example.com,2024-08-23,Guinea-Bissau
972,Renee Smith,ihardy@example.org,2024-08-13,Trinidad and Tobago
973,Tiffany Walton,miguelmontgomery@example.net,2025-06-03,Malaysia
974,Cole Andersen,allen50@example.net,2023-10-15,Kenya
975,John Stevenson,baileysheila@example.com,2025-10-09,Togo
976,Ashlee Cruz,jenniferkane@example.net,2025-03-02,Saint Barthelemy
977,Bethany Robles,marisa87@example.org,2025-07-02,Zimbabwe
978,Matthew Allen,georgeraymond@example.net,2023-01-30,Jordan
979,Alyssa Hickman MD,omiranda@example.net,2023-08-02,Lebanon
980,Meagan Wade,sdavis@example.com,2025-06-05,Venezuela
981,Tammy Brown,nicholas68@example.com,2025-03-28,Czech Republic
982,Earl Rodriguez,joy31@example.net,2023-12-01,Timor-Leste
983,James Mclaughlin,bryan83@example.com,2025-10-01,Ghana
984,Rebecca Peck,aprilguzman@example.org,2023-02-17,Algeria
985,Julia Thomas,mary77@example.org,2024-08-13,Cameroon
986,Sarah Carey,georgekyle@example.net,2023-03-08,Thailand
987,Karen Poole,ycarter@example.org,2025-10-03,Grenada
988,Mitchell Charles,isabellawilliams@example.org,2025-05-20,Saint Lucia
989,William Hopkins,vickiekelley@example.com,2024-01-29,Lebanon
990,Norma Myers DDS,justin38@example.com,2023-02-07,Gibraltar
991,Lauren Trujillo,stephen29@example.org,2024-02-20,Liberia
992,Charles Robinson,jillsmith@example.net,2025-05-19,Bosnia and Herzegovina
993,Virginia Hernandez,kshelton@example.org,2023-02-06,Lebanon
994,Anthony Baird,brittney26@example.org,2022-11-30,Dominican Republic
995,Eric Carlson,denisebennett@example.net,2025-10-14,Paraguay
996,Paula Hancock,phill@example.com,2023-11-30,British Indian Ocean Territory (Chagos Archipelago)
997,Bryan May,andrewberry@example.net,2024-04-01,Puerto Rico
998,Rebecca White,scooke@example.com,2023-09-16,Brunei Darussalam
999,Arthur Stout,richardhaynes@example.com,2024-06-24,Mauritania
1000,Kerri Brown,molinajared@example.net,2025-07-03,Cocos (Keeling) Islands
